Chapter and subsection,Raw text hazard-related context,Context goal,Context role,Terms extracted from context,UFO types associated with terms,,,Explicit ontological type,Number of UFO types,Harmful Event,Hazardous Event
"IEC 61508-4:2010, 3.1.1",physical injury or damage to the health of people or damage to property or the environment,Terminological definition - safety concept,"Define hazard, harm, risk and safety terminology",harm,harm: Event/Situation,,,Implicit,2,,
"IEC 61508-4:2010, 3.1.2",potential source of harm,Terminological definition - safety concept,"Define hazard, harm, risk and safety terminology",hazard,hazard: Event/Moment/Object/Situation,,,Implicit,4,,
"IEC 61508-4:2010, 3.1.2 note","The term includes danger to persons arising within a short time scale (for example, fire and explosion) and also those that have a long-term effect on a person’s health (for example, release of a toxic substance).",Terminological definition - safety concept,"Define hazard, harm, risk and safety terminology",hazard,hazard: Event/Moment/Object/Situation,,,Implicit,4,,
"IEC 61508-4:2010, 3.1.3","circumstance in which people, property or the environment are exposed to one or more hazards",Terminological definition - safety concept,"Define hazard, harm, risk and safety terminology",hazardous situation,hazardous situation: Situation,,,Explicit,1,,
"IEC 61508-4:2010, 3.1.4",event that may result in harm,Terminological definition - safety concept,"Define hazard, harm, risk and safety terminology",hazardous event,hazardous event: Event,,,Explicit,1,,
"IEC 61508-4:2010, 3.1.4 note","Whether or not a hazardous event results in harm depends on whether people, property or the environment are exposed to the consequence of the hazardous event and, in the case of harm to people, whether any such exposed people can escape the consequences of the event after it has occurred.",Terminological definition - safety concept,"Define hazard, harm, risk and safety terminology",hazardous event / harm / exposure,hazardous event: Event; harm: Event/Situation; exposure: Event,,,Explicit,2,,hazardous event
"IEC 61508-4:2010, 3.1.5",occurrence in which a hazardous situation or hazardous event results in harm,Terminological definition - safety concept,"Define hazard, harm, risk and safety terminology",harmful event,harmful event: Event,,,Explicit,1,harmful event,
"IEC 61508-4:2010, 3.1.6",combination of the probability of occurrence of harm and the severity of that harm,Terminological definition - safety concept,"Define hazard, harm, risk and safety terminology",risk,risk: Moment,,,Implicit,1,,
"IEC 61508-4:2010, 3.1.7",risk which is accepted in a given context based on the current values of society,Terminological definition - safety concept,"Define hazard, harm, risk and safety terminology",tolerable risk,tolerable risk: Moment,,,Implicit,1,,
"IEC 61508-4:2010, 3.1.8",risk remaining after protective measures have been taken,Terminological definition - safety concept,"Define hazard, harm, risk and safety terminology",residual risk,residual risk: Moment,,,Implicit,1,,
"IEC 61508-4:2010, 3.1.9",risk arising from the EUC or its interaction with the EUC control system,Terminological definition - safety concept,"Define hazard, harm, risk and safety terminology",EUC risk,EUC risk: Moment,,,Implicit,1,,hazardous event
"IEC 61508-4:2010, 3.1.9 note 1","The risk in this context is that associated with the specific harmful event in which E/E/PE safety-related systems and other risk reduction measures are to be used to provide the necessary risk reduction, that is, the risk associated with functional safety.",Terminological definition - safety concept,"Define hazard, harm, risk and safety terminology",EUC risk / harmful event,EUC risk: Moment; harmful event: Event,,,Explicit,1,harmful event,
"IEC 61508-4:2010, 3.1.10",risk that is intended to be reached for a specific hazard taking into account the EUC risk together with the E/E/PE safety-related systems and the other risk reduction measures,Terminological definition - safety concept,"Define hazard, harm, risk and safety terminology",target risk,target risk: Moment,,,Implicit,1,,
"IEC 61508-4:2010, 3.1.11",freedom from unacceptable risk,Terminological definition - safety concept,"Define hazard, harm, risk and safety terminology",safety,safety: Situation,,,Implicit,1,,
"IEC 61508-4:2010, 3.1.12",part of the overall safety relating to the EUC and the EUC control system that depends on the correct functioning of the E/E/PE safety-related systems and other risk reduction measures,Terminological definition - safety concept,"Define hazard, harm, risk and safety terminology",functional safety,functional safety: Situation,,,Implicit,1,,
"IEC 61508-4:2010, 3.1.13",state of the EUC when safety is achieved,Terminological definition - safety concept,"Define hazard, harm, risk and safety terminology",safe state,safe state: Situation,,,Implicit,1,,
"IEC 61508-4:2010, 3.1.13 note","In going from a potentially hazardous condition to the final safe state, the EUC may have to go through a number of intermediate safe states.",Terminological definition - safety concept,"Define hazard, harm, risk and safety terminology",safe state,safe state: Situation,,,Implicit,1,,
"IEC 61508-4:2010, 3.1.14","use of a product, process or service in a way not intended by the supplier, but which may result from readily predictable human behaviour",Terminological definition - safety concept,"Define hazard, harm, risk and safety terminology",reasonably foreseeable misuse,reasonably foreseeable misuse: Event/Situation,,,Implicit,2,,
"IEC 61508-4:2010, 3.2.1","equipment, machinery, apparatus or plant used for manufacturing, process, transportation, medical or other activities",Terminological definition - equipment/entity concept,Define entities and artefacts used in safety-related systems,equipment under control / EUC,equipment under control: Object; EUC: Object,,,Implicit,1,,
"IEC 61508-4:2010, 3.2.2",all relevant parameters that can affect the achievement of functional safety in the specific application under consideration and in any safety lifecycle phase,Terminological definition - equipment/entity concept,Define entities and artefacts used in safety-related systems,environment,environment: Object/Situation,,,Implicit,2,,
"IEC 61508-4:2010, 3.2.3","entity of hardware or software, or both, capable of accomplishing a specified purpose",Terminological definition - equipment/entity concept,Define entities and artefacts used in safety-related systems,functional unit,functional unit: Object,,,Implicit,1,,
"IEC 61508-4:2010, 3.2.4",task related to the EUC rather than to the E/E/PE system,Terminological definition - equipment/entity concept,Define entities and artefacts used in safety-related systems,application,application: Object,,,Implicit,1,,
"IEC 61508-4:2010, 3.2.5","intellectual creation comprising the programs, procedures, data, rules and any associated documentation pertaining to the operation of a data processing system",Terminological definition - equipment/entity concept,Define entities and artefacts used in safety-related systems,software,software: Object,,,Implicit,1,,
"IEC 61508-4:2010, 3.2.6","part of the software of a PE system that relates to the functioning of, and services provided by, the programmable device itself, as opposed to the application software that specifies the functions that perform a task related to the safety of the EUC",Terminological definition - equipment/entity concept,Define entities and artefacts used in safety-related systems,system software,system software: Object,,,Implicit,1,,
"IEC 61508-4:2010, 3.2.7","part of the software of a programmable electronic system that specifies the functions that perform a task related to the EUC rather than the functioning of, and services provided by the programmable device itself",Terminological definition - equipment/entity concept,Define entities and artefacts used in safety-related systems,application software / application data / configuration data,application software: Object; application data: Object; configuration data: Object,,,Implicit,1,,
"IEC 61508-4:2010, 3.2.8",software element which already exists and is not developed specifically for the current project or safety-related system,Terminological definition - equipment/entity concept,Define entities and artefacts used in safety-related systems,pre-existing software,pre-existing software: Object,,,Implicit,1,,
"IEC 61508-4:2010, 3.2.9","information represented in a manner suitable for communication, interpretation, or processing by computers",Terminological definition - equipment/entity concept,Define entities and artefacts used in safety-related systems,data,data: Object,,,Implicit,1,,
"IEC 61508-4:2010, 3.2.10",software tool that can directly influence the safety-related system during its run time,Terminological definition - equipment/entity concept,Define entities and artefacts used in safety-related systems,software on-line support tool,software on-line support tool: Object,,,Implicit,1,,
"IEC 61508-4:2010, 3.2.11",software tool that supports a phase of the software development lifecycle and that cannot directly influence the safety-related system during its run time,Terminological definition - equipment/entity concept,Define entities and artefacts used in safety-related systems,software off-line support tool,software off-line support tool: Object,,,Implicit,1,,
"IEC 61508-4:2010, 3.2.12","based on computer technology which may be comprised of hardware, software, and of input and/or output units",Terminological definition - equipment/entity concept,Define entities and artefacts used in safety-related systems,programmable electronic / PE,programmable electronic: Object; PE: Event,,,Implicit,1,,
"IEC 61508-4:2010, 3.2.13",based on electrical and/or electronic and/or programmable electronic technology,Terminological definition - equipment/entity concept,Define entities and artefacts used in safety-related systems,electrical/electronic/programmable electronic / E/E/PE,electrical: unclassified; electronic: Object; programmable electronic: Object; E: Event; E: Event; PE: Event,,,Implicit,1,,
"IEC 61508-4:2010, 3.3.1","system for control, protection or monitoring based on one or more programmable electronic devices, including all elements of the system such as power supplies, sensors and other input devices, data highways and other communication paths, and actuators and other output devices",Terminological definition - system structure,Define control system and architectural entities,programmable electronic system / PE system,programmable electronic system: Object; PE system: Object,,,Implicit,1,,
"IEC 61508-4:2010, 3.3.2","system for control, protection or monitoring based on one or more electrical/electronic/programmable electronic devices, including all elements of the system such as power supplies, sensors and other input devices, data highways and other communication paths, and actuators and other output devices",Terminological definition - system structure,Define control system and architectural entities,E/E/PE system,E: Event; E: Event; PE system: Object,,,Implicit,1,,
"IEC 61508-4:2010, 3.3.3",system that responds to input signals from the process and/or from an operator and generates output signals causing the EUC to operate in the desired manner,Terminological definition - system structure,Define control system and architectural entities,EUC control system,EUC control system: Object,,,Implicit,1,,
"IEC 61508-4:2010, 3.3.4",specific configuration of hardware and software elements in a system,Terminological definition - system structure,Define control system and architectural entities,architecture,architecture: Situation,,,Implicit,1,,
"IEC 61508-4:2010, 3.3.5",construct that consists of procedures and/or data declarations and that can also interact with other such constructs,Terminological definition - system structure,Define control system and architectural entities,software module,software module: Object,,,Implicit,1,,
"IEC 61508-4:2010, 3.3.6",element or group of elements that independently implement an element safety function,Terminological definition - system structure,Define control system and architectural entities,channel,channel: Object,,,Implicit,1,,
"IEC 61508-4:2010, 3.3.7",different means of performing a required function,Terminological definition - system structure,Define control system and architectural entities,diversity,diversity: Moment,,,Implicit,1,,
"IEC 61508-4:2010, 3.4.1","designated system that both implements the required safety functions necessary to achieve or maintain a safe state for the EUC, and is intended to achieve, on its own or with other E/E/PE safety-related systems and other risk reduction measures, the necessary safety integrity for the required safety functions",Terminological definition - safety-related system concept,Define risk reduction systems and their relation to hazard/harm,safety-related system,safety-related system: Event/Object,,,Implicit,2,,
"IEC 61508-4:2010, 3.4.1 note 2",Safety-related systems are designed to prevent the EUC from going into a dangerous state by taking appropriate action on detection of a condition which may lead to a hazardous event.,Terminological definition - safety-related system concept,Define risk reduction systems and their relation to hazard/harm,safety-related system / dangerous state / hazardous event,safety-related system: Event/Object; dangerous state: Situation; hazardous event: Event,,,Explicit,2,,
"IEC 61508-4:2010, 3.4.1 note 4a",A safety-related system may be designed to prevent the hazardous event.,Terminological definition - safety-related system concept,Define risk reduction systems and their relation to hazard/harm,safety-related system / hazardous event,safety-related system: Event/Object; hazardous event: Event,,,Explicit,2,,hazardous event
"IEC 61508-4:2010, 3.4.1 note 4b","A safety-related system may be designed to mitigate the effects of the harmful event, thereby reducing the risk by reducing the consequences.",Terminological definition - safety-related system concept,Define risk reduction systems and their relation to hazard/harm,safety-related system / harmful event,safety-related system: Event/Object; harmful event: Event,,,Explicit,2,harmful event,
"IEC 61508-4:2010, 3.4.2","measure to reduce or mitigate risk that is separate and distinct from, and does not use, E/E/PE safety-related systems",Terminological definition - safety-related system concept,Define risk reduction systems and their relation to hazard/harm,other risk reduction measure,other risk reduction measure: Moment/Object,,,Implicit,2,,
"IEC 61508-4:2010, 3.4.3",E/E/PE safety-related system in which the failure modes of each individual component are well defined and the behaviour of the system under fault conditions can be completely determined,Terminological definition - safety-related system concept,Define risk reduction systems and their relation to hazard/harm,low complexity E/E/PE safety-related system,low complexity E: Object; E: Event; PE safety-related system: Event/Object,,,Implicit,2,,
"IEC 61508-4:2010, 3.4.4",entity of the top-level architectural design of a safety-related system where a dangerous failure according to 3.6...,Terminological definition - safety-related system concept,Define risk reduction systems and their relation to hazard/harm,subsystem,subsystem: Object,,,Implicit,1,,
"IEC 61508-4:2010, 3.5.1",safety function,Terminological definition - safety function/integrity concept,"Define safety functions, integrity levels and target failure concepts",safety function,safety function: Event/Moment,,,Implicit,2,,
"IEC 61508-4:2010, 3.5.2",overall safety function,Terminological definition - safety function/integrity concept,"Define safety functions, integrity levels and target failure concepts",overall safety function,overall safety function: Event/Moment,,,Implicit,2,,
"IEC 61508-4:2010, 3.5.3",element safety function,Terminological definition - safety function/integrity concept,"Define safety functions, integrity levels and target failure concepts",element safety function,element safety function: Event/Moment,,,Implicit,2,,
"IEC 61508-4:2010, 3.5.4",safety integrity,Terminological definition - safety function/integrity concept,"Define safety functions, integrity levels and target failure concepts",safety integrity,safety integrity: Moment,,,Implicit,1,,
"IEC 61508-4:2010, 3.5.8",safety integrity level,Terminological definition - safety function/integrity concept,"Define safety functions, integrity levels and target failure concepts",safety integrity level / SIL,safety integrity level: Moment; SIL: Moment,,,Implicit,1,,
"IEC 61508-4:2010, 3.5.9",systematic capability,Terminological definition - safety function/integrity concept,"Define safety functions, integrity levels and target failure concepts",systematic capability,systematic capability: Moment,,,Implicit,1,,
"IEC 61508-4:2010, 3.5.11",E/E/PE safety function requirements specification,Terminological definition - safety function/integrity concept,"Define safety functions, integrity levels and target failure concepts",E/E/PE safety function requirements specification,E: Event; E: Event; PE safety function requirements specification: Event/Moment,,,Implicit,2,,
"IEC 61508-4:2010, 3.5.12",E/E/PE safety integrity requirements specification,Terminological definition - safety function/integrity concept,"Define safety functions, integrity levels and target failure concepts",E/E/PE safety integrity requirements specification,E: Event; E: Event; PE safety integrity requirements specification: Moment,,,Implicit,1,,
"IEC 61508-4:2010, 3.5.14",way in which a safety function operates,Terminological definition - safety function/integrity concept,"Define safety functions, integrity levels and target failure concepts",mode of operation,mode of operation: Situation,,,Implicit,1,,
"IEC 61508-4:2010, 3.5.14","where the safety function is only performed on demand, in order to transfer the EUC into a specified safe state, and where the frequency of demands is no greater than one per year",Terminological definition - safety function/integrity concept,"Define safety functions, integrity levels and target failure concepts",low demand mode,low demand mode: Situation,,,Implicit,1,,
"IEC 61508-4:2010, 3.5.14","where the safety function is only performed on demand, in order to transfer the EUC into a specified safe state, and where the frequency of demands is greater than one per year",Terminological definition - safety function/integrity concept,"Define safety functions, integrity levels and target failure concepts",high demand mode,high demand mode: Situation,,,Implicit,1,,
"IEC 61508-4:2010, 3.5.14",where the safety function retains the EUC in a safe state as part of normal operation,Terminological definition - safety function/integrity concept,"Define safety functions, integrity levels and target failure concepts",continuous mode,continuous mode: Situation,,,Implicit,1,,
"IEC 61508-4:2010, 3.5.15",target probability of dangerous mode failures to be achieved in respect of the safety integrity requirements,Terminological definition - safety function/integrity concept,"Define safety functions, integrity levels and target failure concepts",target failure measure,target failure measure: Moment,,,Implicit,1,,
"IEC 61508-4:2010, 3.5.16",risk reduction to be achieved by the E/E/PE safety-related systems and/or other risk reduction measures in order to ensure that the tolerable risk is not exceeded,Terminological definition - safety function/integrity concept,"Define safety functions, integrity levels and target failure concepts",necessary risk reduction,necessary risk reduction: Moment,,,Implicit,1,,
"IEC 61508-4:2010, 3.6.1","abnormal condition that may cause a reduction in, or loss of, the capability of a functional unit to perform a required function",Terminological definition - fault/failure concept,"Define fault, failure, error and related causal concepts",fault,fault: Event/Situation,,,Implicit,2,,
"IEC 61508-4:2010, 3.6.2",use of techniques and procedures that aim to avoid the introduction of faults during any phase of the safety lifecycle of the safety-related system,Terminological definition - fault/failure concept,"Define fault, failure, error and related causal concepts",fault avoidance,fault avoidance: Event/Moment,,,Implicit,2,,
"IEC 61508-4:2010, 3.6.3",ability of a functional unit to continue to perform a required function in the presence of faults or errors,Terminological definition - fault/failure concept,"Define fault, failure, error and related causal concepts",fault tolerance,fault tolerance: Moment,,,Implicit,1,,
"IEC 61508-4:2010, 3.6.4",termination of the ability of a functional unit to provide a required function or operation of a functional unit in any way other than as required,Terminological definition - fault/failure concept,"Define fault, failure, error and related causal concepts",failure,failure: Event,,,Implicit,1,,
"IEC 61508-4:2010, 3.6.4 note 4",Failures are either random in hardware or systematic in hardware or software.,Terminological definition - fault/failure concept,"Define fault, failure, error and related causal concepts",failure,failure: Event,,,Implicit,1,,
"IEC 61508-4:2010, 3.6.5","failure, occurring at a random time, which results from one or more of the possible degradation mechanisms in the hardware",Terminological definition - fault/failure concept,"Define fault, failure, error and related causal concepts",random hardware failure,random hardware failure: Event,,,Implicit,1,,
"IEC 61508-4:2010, 3.6.6","failure, related in a deterministic way to a certain cause, which can only be eliminated by a modification of the design or of the manufacturing process, operational procedures, documentation or other relevant factors",Terminological definition - fault/failure concept,"Define fault, failure, error and related causal concepts",systematic failure,systematic failure: Event,,,Implicit,1,,
"IEC 61508-4:2010, 3.6.6 note 3","Examples of causes of systematic failures include human error in the safety requirements specification, the design, manufacture, installation, operation of the hardware, and the design, implementation, etc. of the software.",Terminological definition - fault/failure concept,"Define fault, failure, error and related causal concepts",systematic failure / human error,systematic failure: Event; human error: Event/Situation,,,Implicit,2,,
"IEC 61508-4:2010, 3.6.7","failure of an element and/or subsystem and/or system that plays a part in implementing the safety function that prevents a safety function from operating when required or causes a safety function to fail such that the EUC is put into a hazardous or potentially hazardous state, or decreases the probability that the safety function operates correctly when required",Terminological definition - fault/failure concept,"Define fault, failure, error and related causal concepts",dangerous failure,dangerous failure: Event,,,Implicit,1,,
"IEC 61508-4:2010, 3.6.8","failure of an element and/or subsystem and/or system that plays a part in implementing the safety function that results in the spurious operation of the safety function to put the EUC or part thereof into a safe state or maintain a safe state, or increases the probability of the spurious operation of the safety function to put the EUC or part thereof into a safe state or maintain a safe state",Terminological definition - fault/failure concept,"Define fault, failure, error and related causal concepts",safe failure,safe failure: Event,,,Implicit,1,,
"IEC 61508-4:2010, 3.6.9",failure whose probability cannot be expressed as the simple product of the unconditional probabilities of the individual events that caused it,Terminological definition - fault/failure concept,"Define fault, failure, error and related causal concepts",dependent failure,dependent failure: Event,,,Implicit,1,,
"IEC 61508-4:2010, 3.6.10","failure that is the result of one or more events, causing concurrent failures of two or more separate channels in a multiple channel system, leading to system failure",Terminological definition - fault/failure concept,"Define fault, failure, error and related causal concepts",common cause failure,common cause failure: Event,,,Implicit,1,,
"IEC 61508-4:2010, 3.6.11","discrepancy between a computed, observed or measured value or condition and the true, specified or theoretically correct value or condition",Terminological definition - fault/failure concept,"Define fault, failure, error and related causal concepts",error,error: Event/Situation,,,Implicit,2,,
"IEC 61508-4:2010, 3.6.12",erroneous changes to data content but no changes to the physical circuit itself,Terminological definition - fault/failure concept,"Define fault, failure, error and related causal concepts",soft-error,soft-error: Situation,,,Implicit,1,,
"IEC 61508-4:2010, 3.6.13",no part failure,Terminological definition - fault/failure concept,"Define fault, failure, error and related causal concepts",no part failure,no part failure: Event,,,Implicit,1,,
"IEC 61508-4:2010, 3.6.14",no effect failure,Terminological definition - fault/failure concept,"Define fault, failure, error and related causal concepts",no effect failure,no effect failure: Event,,,Implicit,1,,
"IEC 61508-4:2010, 3.6.15",safe failure fraction,Terminological definition - fault/failure concept,"Define fault, failure, error and related causal concepts",safe failure fraction,safe failure fraction: Moment,,,Implicit,1,,
"IEC 61508-4:2010, 3.6.16",failure rate,Terminological definition - fault/failure concept,"Define fault, failure, error and related causal concepts",failure rate,failure rate: Moment,,,Implicit,1,,
"IEC 61508-4:2010, 3.6.17",probability of dangerous failure on demand,Terminological definition - fault/failure concept,"Define fault, failure, error and related causal concepts",probability of dangerous failure on demand / PFD,probability of dangerous failure on demand: Moment; PFD: Moment,,,Implicit,1,,
"IEC 61508-4:2010, 3.6.18",average probability of dangerous failure on demand,Terminological definition - fault/failure concept,"Define fault, failure, error and related causal concepts",average probability of dangerous failure on demand / PFDavg,average probability of dangerous failure on demand: Moment; PFDavg: Moment,,,Implicit,1,,
"IEC 61508-4:2010, 3.6.19",average frequency of dangerous failure,Terminological definition - fault/failure concept,"Define fault, failure, error and related causal concepts",average frequency of dangerous failure / PFH,average frequency of dangerous failure: Moment; PFH: Moment,,,Implicit,1,,
"IEC 61508-4:2010, 3.6",Figure 4 – Failure model,Terminological definition - fault/failure concept,"Define fault, failure, error and related causal concepts",fault / error / failure,fault: Event/Situation; error: Event/Situation; failure: Event,,,Implicit,3,,
"IEC 61508-4:2010, Figure 4 note 1","In level (i), a cause may manifest itself as an error within this level functional unit and, if not corrected or circumvented, may cause a failure of this functional unit, as a result of which it falls into an “F” state where it is no longer able to perform a required function.",Failure model,"Explain cause, error, failure and state relations",cause / error / failure,cause: Event/Object; error: Event/Situation; failure: Event,,,Implicit,3,,
"IEC 61508-4:2010, Figure 4 note 2","The same thing may be viewed as a state of the level (i) functional unit into which it has fallen as a result of its failure, and also as the cause of the failure of the level (i-1) functional unit.",Failure model,"Explain cause, error, failure and state relations",fault / state / cause,fault: Event/Situation; state: Situation; cause: Event/Object,,,Implicit,3,,
"IEC 61508-4:2010, Figure 4 note 3","In some cases, a failure or an error may be caused by an external event such as lightning or electrostatic noise, rather than by an internal fault. Likewise, a fault may exist without a prior failure. An example of such a fault is a design fault.",Failure model,"Explain cause, error, failure and state relations",external event / fault / error / failure,external event: Event; fault: Event/Situation; error: Event/Situation; failure: Event,,,Explicit,3,,
"IEC 61508-4:2010, 3.7.1",safety lifecycle,Terminological definition - lifecycle concept,Define lifecycle and configuration concepts,safety lifecycle,safety lifecycle: Event,,,Implicit,1,,
"IEC 61508-4:2010, 3.7.2",software lifecycle,Terminological definition - lifecycle concept,Define lifecycle and configuration concepts,software lifecycle,software lifecycle: Event,,,Implicit,1,,
"IEC 61508-4:2010, 3.7.3",configuration management,Terminological definition - lifecycle concept,Define lifecycle and configuration concepts,configuration management,configuration management: Event,,,Implicit,1,,
"IEC 61508-4:2010, 3.7.4",configuration baseline,Terminological definition - lifecycle concept,Define lifecycle and configuration concepts,configuration baseline,configuration baseline: Object,,,Implicit,1,,
"IEC 61508-4:2010, 3.7.5",impact analysis,Terminological definition - lifecycle concept,Define lifecycle and configuration concepts,impact analysis,impact analysis: Event,,,Implicit,1,,
"IEC 61508-4:2010, 3.8.3",functional safety assessment,Terminological definition - confirmation concept,"Define assessment, audit, proof test and diagnostic concepts",functional safety assessment,functional safety assessment: Event,,,Implicit,1,,
"IEC 61508-4:2010, 3.8.4",functional safety audit,Terminological definition - confirmation concept,"Define assessment, audit, proof test and diagnostic concepts",functional safety audit,functional safety audit: Event,,,Implicit,1,,
"IEC 61508-4:2010, 3.8.5",proof test,Terminological definition - confirmation concept,"Define assessment, audit, proof test and diagnostic concepts",proof test,proof test: Event,,,Implicit,1,,
"IEC 61508-4:2010, 3.8.6",diagnostic coverage,Terminological definition - confirmation concept,"Define assessment, audit, proof test and diagnostic concepts",diagnostic coverage,diagnostic coverage: Moment,,,Implicit,1,,
"IEC 61508-4:2010, 3.8.7",diagnostic test interval,Terminological definition - confirmation concept,"Define assessment, audit, proof test and diagnostic concepts",diagnostic test interval,diagnostic test interval: Moment,,,Implicit,1,,
"IEC 61508-1:2010, Introduction","It is recognized that there is a great variety of applications using E/E/PE safety-related systems in a variety of application sectors and covering a wide range of complexity, hazard and risk potentials.",Scope and lifecycle framing,Establish generic scope and lifecycle context for hazard and risk work,hazard / risk potentials,hazard: Event/Moment/Object/Situation; risk potentials: unclassified,,,Implicit,4,,
"IEC 61508-1:2010, 1.2(c)","covers the achievement of a tolerable risk through the application of E/E/PE safety-related systems, but does not cover hazards arising from the E/E/PE equipment itself",Scope and lifecycle framing,Establish generic scope and lifecycle context for hazard and risk work,hazards,hazards: Event/Moment/Object/Situation,,,Implicit,4,,
"IEC 61508-1:2010, 1.2(g)","considers E/E/PE safety-related systems and other risk reduction measures, in order that the safety requirements specification for the E/E/PE safety-related systems can be determined in a systematic, risk-based manner",Scope and lifecycle framing,Establish generic scope and lifecycle context for hazard and risk work,other risk reduction measures / risk,other risk reduction measures: Moment/Object; risk: Moment,,,Implicit,2,,
"IEC 61508-1:2010, 1.2(k)",requires malevolent and unauthorised actions to be considered during hazard and risk analysis,Scope and lifecycle framing,Establish generic scope and lifecycle context for hazard and risk work,hazard and risk analysis,hazard and risk analysis: Event,,,Implicit,1,,
"IEC 61508-1:2010, Figure 1","Development of the overall safety requirements (concept, scope, definition, hazard and risk analysis)",Scope and lifecycle framing,Establish generic scope and lifecycle context for hazard and risk work,concept / scope / definition / hazard and risk analysis,concept: unclassified; scope: Object; definition: unclassified; hazard and risk analysis: Event,,,Implicit,1,,
"IEC 61508-1:2010, 6.2.5(a)","Procedures shall be developed for ensuring prompt follow-up and satisfactory resolution of recommendations relating to E/E/PE safety-related systems, including those arising from hazard and risk analysis.",Functional safety management,"Manage follow-up, reporting and maintenance of hazard-related information",hazard and risk analysis,hazard and risk analysis: Event,,,Implicit,1,,
"IEC 61508-1:2010, 6.2.6","Procedures shall be developed for ensuring that all detected hazardous events are analysed, and that recommendations are made to minimise the probability of a repeat occurrence.",Functional safety management,"Manage follow-up, reporting and maintenance of hazard-related information",hazardous events,hazardous events: Event,,,Explicit,1,,
"IEC 61508-1:2010, 6.2.9","Procedures shall be developed for maintaining accurate information on hazards and hazardous events, safety functions and E/E/PE safety-related systems.",Functional safety management,"Manage follow-up, reporting and maintenance of hazard-related information",hazards / hazardous events / safety functions,hazards: Event/Moment/Object/Situation; hazardous events: Event; safety functions: Event/Moment,,,Explicit,5,,hazardous event
"IEC 61508-1:2010, 7.2.2.2","The likely sources of hazards, hazardous situations and harmful events shall be determined.",Concept phase - hazard identification,"Identify sources of hazards, hazardous situations, harmful events and hazard characteristics",sources / hazards / hazardous situations / harmful events,sources of hazards: Moment/Object; hazardous situations: Situation; harmful events: Event,,,Explicit,2,harmful event,
"IEC 61508-1:2010, 7.2.2.3","Information about the determined hazards shall be obtained, for example duration, intensity, toxicity, exposure limit, mechanical force, explosive conditions, reactivity, flammability etc.",Concept phase - hazard identification,"Identify sources of hazards, hazardous situations, harmful events and hazard characteristics",hazards,hazards: Event/Moment/Object/Situation,,,Implicit,4,,hazardous event
"IEC 61508-1:2010, 7.2.2.5","Hazards, hazardous situations and harmful events due to interaction with other equipment or systems of the EUC shall be considered together with other EUCs.",Concept phase - hazard identification,"Identify sources of hazards, hazardous situations, harmful events and hazard characteristics",hazards / hazardous situations / harmful events,hazards: Event/Moment/Object/Situation; hazardous situations: Situation; harmful events: Event,,,Explicit,4,harmful event,
"IEC 61508-1:2010, 7.3.1.2","specify the scope of the hazard and risk analysis, for example process hazards, environmental hazards, etc.",Overall scope definition,"Define EUC boundary, included equipment and scope of hazard and risk analysis",hazard and risk analysis scope,hazard and risk analysis scope: Object,,,Implicit,1,,
"IEC 61508-1:2010, 7.3.2.1","The boundary of the EUC and the EUC control system shall be defined so as to include all equipment and systems, including humans where appropriate, that are associated with relevant hazards and hazardous events.",Overall scope definition,"Define EUC boundary, included equipment and scope of hazard and risk analysis",hazards / hazardous events,hazards: Event/Moment/Object/Situation; hazardous events: Event,,,Explicit,4,,
"IEC 61508-1:2010, 7.3.2.2","The physical equipment, including the EUC and the EUC control system, to be included in the scope of the hazard and risk analysis shall be specified.",Overall scope definition,"Define EUC boundary, included equipment and scope of hazard and risk analysis",hazard and risk analysis scope,hazard and risk analysis scope: Object,,,Implicit,1,,
"IEC 61508-1:2010, 7.3.2.3",The external events to be taken into account in the hazard and risk analysis shall be specified.,Overall scope definition,"Define EUC boundary, included equipment and scope of hazard and risk analysis",external events,external events: Event,,,Explicit,1,,
"IEC 61508-1:2010, 7.3.2.4",The equipment and systems that are associated with the hazards and hazardous events shall be specified.,Overall scope definition,"Define EUC boundary, included equipment and scope of hazard and risk analysis",hazards / hazardous events,hazards: Event/Moment/Object/Situation; hazardous events: Event,,,Explicit,4,,
"IEC 61508-1:2010, 7.3.2.5","The type of initiating events that need to be considered, for example component failures, procedural faults, human error, dependent failure mechanisms that can cause hazardous events, shall be specified.",Overall scope definition,"Define EUC boundary, included equipment and scope of hazard and risk analysis",initiating events / component failures / procedural faults / human error / dependent failure mechanisms / hazardous events,initiating events: Event; component failures: Event; procedural faults: Event/Situation; human error: Event/Situation; dependent failure mechanisms: Event/Situation; hazardous events: Event,,,Explicit,4,,
"IEC 61508-1:2010, 7.4.1.1","determine the hazards, hazardous events and hazardous situations relating to the EUC and the EUC control system for all reasonably foreseeable circumstances, including fault conditions and reasonably foreseeable misuse",Hazard and risk analysis,"Determine hazards, event sequences, likelihood, consequences and EUC risk",hazards / hazardous events / hazardous situations / fault conditions / reasonably foreseeable misuse,hazards: Event/Moment/Object/Situation; hazardous events: Event; hazardous situations: Situation; fault conditions: Situation; reasonably foreseeable misuse: Event/Situation,,,Explicit,5,,
"IEC 61508-1:2010, 7.4.1.2",determine the event sequences leading to the hazardous events determined in 7.4.1.1,Hazard and risk analysis,"Determine hazards, event sequences, likelihood, consequences and EUC risk",event sequences / hazardous events,event sequences: Event; hazardous events: Event,,,Explicit,1,,
"IEC 61508-1:2010, 7.4.1.3",determine the EUC risks associated with the hazardous events determined in 7.4.1.1,Hazard and risk analysis,"Determine hazards, event sequences, likelihood, consequences and EUC risk",EUC risk / hazardous events,EUC risk: Moment; hazardous events: Event,,,Explicit,1,,
"IEC 61508-1:2010, 7.4.2.1",A hazard and risk analysis shall be undertaken which shall take into account information from the overall scope definition phase.,Hazard and risk analysis,"Determine hazards, event sequences, likelihood, consequences and EUC risk",hazard and risk analysis,hazard and risk analysis: Event,,,Implicit,1,,
"IEC 61508-1:2010, 7.4.2.1 note 2","A hazard and risk analysis may determine two event sequences, that include valve fails closed and valve fails open, leading to hazardous events. However, when the detailed design of the EUC control system controlling the valve is analyzed, a new failure mode, valve oscillates, may be discovered which introduces a new event sequence leading to a hazardous event.",Hazard and risk analysis,"Determine hazards, event sequences, likelihood, consequences and EUC risk",event sequences / hazardous events / failure mode,event sequences: Event; hazardous events: Event; failure mode: Situation,,,Explicit,1,,
"IEC 61508-1:2010, 7.4.2.2",Consideration shall be given to the elimination or reduction of the hazards.,Hazard and risk analysis,"Determine hazards, event sequences, likelihood, consequences and EUC risk",hazards,hazards: Event/Moment/Object/Situation,,,Implicit,4,,
"IEC 61508-1:2010, 7.4.2.2 note","identified hazards of the EUC are eliminated at source, for example by the application of inherent safety principles and the application of good engineering practice",Hazard and risk analysis,"Determine hazards, event sequences, likelihood, consequences and EUC risk",hazards at source,hazards at source: Moment/Object,,,Implicit,2,,
"IEC 61508-1:2010, 7.4.2.3","The hazards, hazardous events and hazardous situations of the EUC and the EUC control system shall be determined under all reasonably foreseeable circumstances, including fault conditions, reasonably foreseeable misuse and malevolent or unauthorised action.",Hazard and risk analysis,"Determine hazards, event sequences, likelihood, consequences and EUC risk",hazards / hazardous events / hazardous situations / fault conditions / reasonably foreseeable misuse,hazards: Event/Moment/Object/Situation; hazardous events: Event; hazardous situations: Situation; fault conditions: Situation; reasonably foreseeable misuse: Event/Situation,,,Explicit,5,,
"IEC 61508-1:2010, 7.4.2.3 note 5",The hazard and risk analysis should also consider whether the activation of a safety function due to a demand or spurious action will give rise to a new hazard.,Hazard and risk analysis,"Determine hazards, event sequences, likelihood, consequences and EUC risk",safety function / new hazard,safety function: Event/Moment; new hazard: Event/Moment/Object/Situation,,,Implicit,5,,
"IEC 61508-1:2010, 7.4.2.4",The event sequences leading to the hazardous events determined in 7.4.2.3 shall be determined.,Hazard and risk analysis,"Determine hazards, event sequences, likelihood, consequences and EUC risk",event sequences / hazardous events,event sequences: Event; hazardous events: Event,,,Explicit,1,,
"IEC 61508-1:2010, 7.4.2.5",The likelihood of the hazardous events for the conditions specified in 7.4.2.3 shall be evaluated.,Hazard and risk analysis,"Determine hazards, event sequences, likelihood, consequences and EUC risk",likelihood / hazardous events,likelihood: Moment; hazardous events: Event,,,Explicit,1,,
"IEC 61508-1:2010, 7.4.2.6",The consequences associated with the hazardous events determined in 7.4.2.3 shall be determined.,Hazard and risk analysis,"Determine hazards, event sequences, likelihood, consequences and EUC risk",consequences / hazardous events,consequences: Event/Situation; hazardous events: Event,,,Explicit,2,,
"IEC 61508-1:2010, 7.4.2.7","The EUC risk shall be evaluated, or estimated, for each determined hazardous event.",Hazard and risk analysis,"Determine hazards, event sequences, likelihood, consequences and EUC risk",EUC risk / hazardous events,EUC risk: Moment; hazardous events: Event,,,Explicit,1,,
"IEC 61508-1:2010, 7.4.2.8",The requirements of 7.4.2.1 to 7.4.2.7 can be met by the application of either qualitative or quantitative hazard and risk analysis techniques.,Hazard and risk analysis,"Determine hazards, event sequences, likelihood, consequences and EUC risk",hazard and risk analysis techniques,hazard and risk analysis techniques: Object,,,Implicit,1,,
"IEC 61508-1:2010, 7.4.2.9","the appropriateness of the techniques depends on the specific hazards and the consequences, the complexity of the EUC and the EUC control system, the application sector, legal and safety regulatory requirements, the EUC risk, and the availability of accurate data",Hazard and risk analysis,"Determine hazards, event sequences, likelihood, consequences and EUC risk",hazards / consequences / EUC risk,hazards: Event/Moment/Object/Situation; consequences: Event/Situation; EUC risk: Moment,,,Implicit,5,,
"IEC 61508-1:2010, 7.4.2.10","The hazard and risk analysis shall consider each determined hazardous event and the components that contribute to it, the consequences and likelihood of the event sequences with which each hazardous event is associated, the tolerable risk for each hazardous event, the measures taken to reduce or remove hazards and risks, and the assumptions made during the analysis of the risks, including the estimated demand rates and equipment failure rates.",Hazard and risk analysis,"Determine hazards, event sequences, likelihood, consequences and EUC risk",hazardous event / event sequence / tolerable risk / hazards / risk / demand rates / equipment failure rates,hazardous event: Event; event sequence: Event; tolerable risk: Moment; hazards: Event/Moment/Object/Situation; risk: Moment; demand rates: Moment; equipment failure rates: Moment,,,Explicit,4,,
"IEC 61508-1:2010, 7.4.2.11",The information and results that constitute the hazard and risk analysis shall be documented.,Hazard and risk analysis,"Determine hazards, event sequences, likelihood, consequences and EUC risk",hazard and risk analysis results,hazard and risk analysis results: Object,,,Implicit,1,,
"IEC 61508-1:2010, 7.4.2.12",The information and results that constitute the hazard and risk analysis shall be maintained for the EUC and the EUC control system throughout the overall safety lifecycle.,Hazard and risk analysis,"Determine hazards, event sequences, likelihood, consequences and EUC risk",hazard and risk analysis results,hazard and risk analysis results: Object,,,Implicit,1,,hazardous event
"IEC 61508-1:2010, 7.5.1 note","In application areas where valid assumptions can be made about the risks, likely hazards, harmful events and their consequences…",Overall safety requirements,Derive overall safety functions and safety integrity requirements from hazardous events and tolerable risk,risks / likely hazards / harmful events / consequences,risks: Moment; likely hazards: Event/Moment/Object/Situation; harmful events: Event; consequences: Event/Situation,,,Explicit,5,harmful event,
"IEC 61508-1:2010, 7.5.2.1",A set of all necessary overall safety functions shall be developed based on the hazardous events derived from the hazard and risk analysis.,Overall safety requirements,Derive overall safety functions and safety integrity requirements from hazardous events and tolerable risk,overall safety functions / hazardous events,overall safety functions: Event/Moment; hazardous events: Event,,,Explicit,2,,
"IEC 61508-1:2010, 7.5.2.1 note 1",It will be necessary to create an overall safety function for each hazardous event.,Overall safety requirements,Derive overall safety functions and safety integrity requirements from hazardous events and tolerable risk,overall safety function / hazardous event,overall safety function: Event/Moment; hazardous event: Event,,,Explicit,2,,
"IEC 61508-1:2010, 7.5.2.3","For each overall safety function, a target safety integrity requirement shall be determined that will result in the tolerable risk being met.",Overall safety requirements,Derive overall safety functions and safety integrity requirements from hazardous events and tolerable risk,target safety integrity requirement / tolerable risk,target safety integrity requirement: Moment; tolerable risk: Moment,,,Implicit,1,,
"IEC 61508-1:2010, 7.5.2.3 note 2","The EUC risk can be reduced either by reducing the consequences of the hazardous event, which is preferred, or by reducing the rate of hazardous events of the EUC and the EUC control system.",Overall safety requirements,Derive overall safety functions and safety integrity requirements from hazardous events and tolerable risk,EUC risk / hazardous event,EUC risk: Moment; hazardous event: Event,,,Explicit,1,,
"IEC 61508-1:2010, 7.5.2.4","The overall safety integrity requirements shall be specified in terms of either the risk reduction required to achieve the tolerable risk, or the tolerable hazardous event rate so as to meet the tolerable risk.",Overall safety requirements,Derive overall safety functions and safety integrity requirements from hazardous events and tolerable risk,risk reduction / tolerable hazardous event rate / tolerable risk,risk reduction: Moment; tolerable hazardous event rate: Moment; tolerable risk: Moment,,,Explicit,1,,
"IEC 61508-1:2010, 7.5.2.5","If, in assessing the EUC risk, the average frequency of dangerous failures of a single EUC control system function is claimed as being lower than 10^-5 dangerous failures per hour then the EUC control system shall be considered to be a safety-related control system subject to the requirements of this standard.",Overall safety requirements,Derive overall safety functions and safety integrity requirements from hazardous events and tolerable risk,dangerous failures,dangerous failures: Event,,,Implicit,1,,
